Player Name,Country
S Dhawan,India
Yuvraj Singh,India
DJ Hooda,India
Mandeep Singh,India
KM Jadhav,India
Sachin Baby,India
STR Binny,India
S Aravind,India
YS Chahal,India
A Choudhary,India
PA Patel,India
RG Sharma,India
N Rana,India
AT Rayudu,India
KH Pandya,India
HH Pandya,India
AM Rahane,India
MA Agarwal,India
MS Dhoni,India
SK Raina,India
KD Karthik,India
G Gambhir,India
MK Tiwary,India
M Vohra,India
WP Saha,India
AR Patel,India
Vishnu Vinod,India
Iqbal Abdulla,India
P Negi,India
DA Warner,overseas
MC Henriques,overseas
BCJ Cutting,overseas
CH Gayle,overseas
TM Head,overseas
SR Watson,overseas
TS Mills,overseas
JC Buttler,overseas
KA Pollard,overseas
TG Southee,overseas
SPD Smith,overseas
BA Stokes,overseas
JJ Roy,overseas
BB McCullum,overseas
AJ Finch,overseas
CA Lynn,overseas
DT Christian,overseas
HM Amla,overseas
GJ Maxwell,overseas
DA Miller,overseas
SW Billings,overseas
CH Morris,overseas
CR Brathwaite,overseas
PJ Cummins,overseas
DR Smith,overseas
CR Woakes,overseas
SP Narine,overseas
AB de Villiers,overseas
CJ Anderson,overseas
F du Plessis,overseas
A Zampa,overseas
Imran Tahir,overseas
Rashid Khan,overseas
MP Stoinis,overseas
MJ McClenaghan,overseas
LH Ferguson,overseas
C de Grandhomme,overseas
EJG Morgan,overseas
AP Tare,India
KK Nair,India
SV Samson,India
RR Pant,India
A Mishra,India
S Nadeem,India
Z Khan,India
DS Kulkarni,India
P Kumar,India
Basil Thampi,India
RV Uthappa,India
MK Pandey,India
YK Pathan,India
SA Yadav,India
Harbhajan Singh,India
RA Tripathi,India
R Bhatia,India
DL Chahar,India
AB Dinda,India
NV Ojha,India
V Shankar,India
B Kumar,India
MM Sharma,India
VR Aaron,India
V Kohli,India
Ankit Sharma,India
SN Thakur,India
RD Chahar,India
Bipul Sharma,India
SS Iyer,India
KC Cariappa,India
Sandeep Sharma,India
Ishan Kishan,India
JD Unadkat,India
Mohammed Shami,India
I Sharma,India
RA Jadeja,India
AD Nath,India
Kuldeep Yadav,India
UT Yadav,India
Washington Sundar,India
KV Sharma,India
AR Bawne,India
SP Jackson,India
Anureet Singh,India
IK Pathan,India
Ankit Soni,India
JJ Bumrah,India
PJ Sangwan,India
S Kaul,India
Swapnil Singh,India
R Tewatia,India
MM Patel,India
SS Tiwary,India
IR Jaggi,India
PP Chawla,India
AS Rajpoot,India
SC Ganguly,India
R Dravid,India
W Jaffer,India
AF Milne,overseas
S Badree,overseas
AD Mathews,overseas
Mohammad Nabi,overseas
AJ Tye,overseas
KS Williamson,overseas
SE Marsh,overseas
Shakib Al Hasan,overseas
JP Faulkner,overseas
MG Johnson,overseas
K Rabada,overseas
NM Coulter-Nile,overseas
DM Bravo,overseas
MJ Guptill,overseas
SL Malinga,overseas
LMP Simmons,overseas
MN Samuels,overseas
TA Boult,overseas
CJ Jordan,overseas
RT Ponting,overseas
DJ Hussey,overseas
Mohammad Hafeez,overseas
JH Kallis,overseas
CL White,overseas
MV Boucher,overseas
AA Noffke,overseas
ML Hayden,overseas
MEK Hussey,overseas
JDP Oram,overseas
JR Hopes,overseas
KC Sangakkara,overseas
SM Katich,overseas
DS Lehmann,overseas
SK Warne,overseas
L Ronchi,overseas
ST Jayasuriya,overseas
DJ Thornely,overseas
SM Pollock,overseas
S Chanderpaul,overseas
LRPL Taylor,overseas
AC Gilchrist,overseas
A Symonds,overseas
SB Styris,overseas
WPUJC Vaas,overseas
DPMD Jayawardene,overseas
B Lee,overseas
Kamran Akmal,overseas
Shahid Afridi,overseas
DJ Bravo,overseas
GC Smith,overseas
B Akhil,India
SB Joshi,India
S Badrinath,India
K Goel,India
T Kohli,India
M Kaif,India
M Rawat,India
D Salunkhe,India
SK Trivedi,India
V Sehwag,India
PR Shah,India
AM Nayar,India
Y Venugopal Rao,India
VVS Laxman,India
AS Yadav,India
SB Bangar,India
RP Singh,India
LR Shukla,India
S Sohal,India
WA Mota,India
MA Khote,India
A Nehra,India
Pankaj Singh,India
S Sreesanth,India
VRV Singh,India
R Vinay Kumar,India
AB Agarkar,India
M Kartik,India
VY Mahesh,India
TM Srivastava,India
B Chipli,India
DB Das,India
D Kalyankrishna,India
SA Asnodkar,India
S Vidyut,India
DB Ravi Teja,India
YV Takawale,India
RR Raje,India
Joginder Sharma,India
MS Gony,India
DT Patil,India
A Kumble,India
S Anirudha,India
A Chopra,India
J Arunkumar,India
PP Ojha,India
SP Goswami,India
SR Tendulkar,India
U Kaul,India
Niraj Patel,India
RR Sarwan,overseas
Shoaib Malik,overseas
MF Maharoof,overseas
DW Steyn,overseas
HH Gibbs,overseas
DNT Zoysa,overseas
Sohail Tanvir,overseas
Salman Butt,overseas
BJ Hodge,overseas
Umar Gul,overseas
SP Fleming,overseas
JA Morkel,overseas
LPC Silva,overseas
Misbah-ul-Haq,overseas
Mohammad Asif,overseas
GD McGrath,overseas
M Muralitharan,overseas
M Ntini,overseas
CK Kapugedera,overseas
T Taibu,overseas
TM Dilshan,overseas
AD Mascarenhas,overseas
LA Pomersbach,overseas
Younis Khan,overseas
Shoaib Akhtar,overseas
Abdur Razzak,overseas
CRD Fernando,overseas
JP Duminy,overseas
A Flintoff,overseas
T Thushara,overseas
JD Ryder,overseas
KP Pietersen,overseas
T Henderson,overseas
RS Bopara,overseas
FH Edwards,overseas
RJ Quiney,overseas
BAW Mendis,overseas
DL Vettori,overseas
MN van Wyk,overseas
RE van der Merwe,overseas
GR Napier,overseas
LA Carseldine,overseas
SM Harwood,overseas
RJ Harris,overseas
D du Preez,overseas
M Morkel,overseas
J Botha,overseas
Mashrafe Mortaza,overseas
GJ Bailey,overseas
PM Sarvesh Kumar,India
DP Vijaykumar,India
H Das,India
SD Chitnis,India
VS Yeligati,India
L Balaji,India
A Mukund,India
RR Powar,India
Kamran Khan,India
R Bishnoi,India
PC Valthaty,India
AS Raut,India
Yashpal Singh,India
M Manhas,India
AA Bilakhia,India
AN Ghosh,India
TL Suman,India
Shoaib Ahmed,India
KP Appanna,India
M Vijay,India
SB Jakati,India
C Nanda,India
A Singh,India
Y Nagar,India
SS Shaikh,India
R Ashwin,India
CA Pujara,India
Anirudh Singh,India
Jaskaran Singh,India
R Sathish,India
AA Jhunjhunwala,India
P Dogra,India
A Uniyal,India
MS Bisla,India
YA Abdulla,India
S Tyagi,India
RS Gavaskar,India
S Ladda,India
S Narwal,India
FY Fazal,India
MD Mishra,India
SJ Srivastava,India
R Sharma,India
KB Arun Karthik,India
VS Malik,India
A Mithun,India
AP Dole,India
AN Ahmed,India
RS Sodhi,India
S Sriram,India
B Sumanth,India
C Madan,India
AG Paunikar,India
Harmeet Singh,India
RV Gomez,India
AUK Pathan,India
UBT Chand,India
Sunny Singh,India
AL Menaria,India
R Ninan,India
SB Wagh,India
DH Yagnik,India
J Syed Mohammad,India
AG Murtaza,India
Harpreet Singh,India
I Malhotra,India
L Ablish,India
P Parameswaran,India
AA Chavan,India
ND Doshi,India
Y Gnaneswara Rao,India
S Rana,India
BA Bhatt,India
HV Patel,India
RR Bhatkal,India
N Saini,India
A Ashish Reddy,India
AB McDonald,overseas
Mohammad Ashraful,overseas
OA Shah,overseas
R McLaren,overseas
JM Kemp,overseas
SE Bond,overseas
DP Nannes,overseas
MJ Lumb,overseas
DR Martyn,overseas
AB Barath,overseas
AC Voges,overseas
J Theron,overseas
SW Tait,overseas
KAJ Roach,overseas
PD Collingwood,overseas
CK Langeveldt,overseas
DE Bollinger,overseas
MR Marsh,overseas
DJ Jacobs,overseas
NJ Rimmington,overseas
WD Parnell,overseas
JJ van der Wath,overseas
MS Wade,overseas
TD Paine,overseas
AC Thomas,overseas
JEC Franklin,overseas
S Randiv,overseas
BJ Haddin,overseas
NLTC Perera,overseas
NL McCullum,overseas
JE Taylor,overseas
RN ten Doeschate,overseas
TR Birt,overseas
M Klinger,overseas
AC Blizzard,overseas
CA Ingram,overseas
CJ Ferguson,overseas
RE Levi,overseas
KK Cooper,overseas
DAJ Bracewell,overseas
DJ Harris,overseas
GB Hogg,overseas
CJ McKay,overseas
Azhar Mahmood,overseas
RJ Peterson,overseas
KMDN Kulasekara,overseas
MJ Clarke,overseas
AD Russell,overseas
MDKJ Perera,overseas
B Laughlin,overseas
BMAJ Mendis,overseas
R Rampaul,overseas
SMSM Senanayake,overseas
BJ Rohrer,overseas
Q de Kock,overseas
LJ Wright,overseas
DJG Sammy,overseas
KW Richardson,overseas
NJ Maddinson,overseas
JDS Neesham,overseas
MA Starc,overseas
BR Dunk,overseas
RR Rossouw,overseas
BE Hendricks,overseas
M de Lange,overseas
JO Holder,overseas
SA Abbott,overseas
D Wiese,overseas
C Munro,overseas
KJ Abbott,overseas
PSP Handscomb,overseas
UT Khawaja,overseas
F Behardien,overseas
A Nel,overseas
BW Hilfenhaus,overseas
V Pratap Singh,India
BB Samantray,India
Gurkeerat Singh,India
AP Majumdar,India
PA Reddy,India
K Upadhyay,India
P Awana,India
A Chandila,India
Sunny Gupta,India
MC Juneja,India
GH Vihari,India
R Shukla,India
KL Rahul,India
R Dhawan,India
IC Pandey,India
CM Gautam,India
X Thalaivan Sargunam,India
UA Birla,India
Parvez Rasool,India
PV Tambe,India
Shivam Sharma,India
VH Zol,India
S Gopal,India
Karanveer Singh,India
J Suchith,India
RG More,India
SN Khan,India
DJ Muthuswami,India
P Sahu,India
M Ashwin,India
NS Naik,India
J Yadav,India
BB Sran,India
S Kaushik,India
ER Dwivedi,India
C Ganapathy,India
TP Sudhindra,India
Mustafizur Rahman,overseas
